{"cameraMode":{"drawMode":0,"name":"Shaded","section":"Shading Mode"},"sceneLighting":false,"audioPlay":false,"sceneViewState":{"m_AlwaysRefresh":false,"showFog":true,"showSkybox":false,"showFlares":true,"showImageEffects":true,"showParticleSystems":true,"showVisualEffectGraphs":true,"m_FxEnabled":true},"in2DMode":false,"pivot":{"x":0.15921735763549806,"y":7.958037376403809,"z":-2.201733350753784},"rotation":{"x":-0.003558958414942026,"y":0.979512631893158,"z":0.020397886633872987,"w":0.20146022737026215},"size":2.177661180496216,"orthographic":false}