{"cameraMode":{"drawMode":0,"name":"Shaded","section":"Shading Mode"},"sceneLighting":false,"audioPlay":false,"sceneViewState":{"m_AlwaysRefresh":false,"showFog":true,"showSkybox":false,"showFlares":true,"showImageEffects":true,"showParticleSystems":true,"showVisualEffectGraphs":true,"m_FxEnabled":true},"in2DMode":false,"pivot":{"x":0.3278388977050781,"y":30.613622665405275,"z":-34.46015548706055},"rotation":{"x":0.005538180470466614,"y":-0.9174793362617493,"z":-0.013612880371510983,"w":-0.3978731334209442},"size":21.843284606933595,"orthographic":false}