{"cameraMode":{"drawMode":0,"name":"Shaded","section":"Shading Mode"},"sceneLighting":true,"audioPlay":false,"sceneViewState":{"m_AlwaysRefresh":false,"showFog":true,"showSkybox":true,"showFlares":true,"showImageEffects":true,"showParticleSystems":true,"showVisualEffectGraphs":true,"m_FxEnabled":true},"in2DMode":false,"pivot":{"x":-1.5868439674377442,"y":3.241363763809204,"z":-0.25050967931747439},"rotation":{"x":0.03868204355239868,"y":-0.6551677584648132,"z":0.03368047997355461,"w":0.7538144588470459},"size":3.185227394104004,"orthographic":false}