{"cameraMode":{"drawMode":0,"name":"Shaded","section":"Shading Mode"},"sceneLighting":true,"audioPlay":false,"sceneViewState":{"m_AlwaysRefresh":false,"showFog":true,"showSkybox":true,"showFlares":true,"showImageEffects":true,"showParticleSystems":true,"showVisualEffectGraphs":true,"m_FxEnabled":true},"in2DMode":false,"pivot":{"x":1.4540083408355713,"y":-0.8990659713745117,"z":-18.01892852783203},"rotation":{"x":-0.001969066681340337,"y":-0.996880829334259,"z":0.0752168744802475,"w":-0.026632316410541536},"size":11.570698738098145,"orthographic":false}