{"cameraMode":{"drawMode":0,"name":"Shaded","section":"Shading Mode"},"sceneLighting":true,"audioPlay":false,"sceneViewState":{"m_AlwaysRefresh":false,"showFog":true,"showSkybox":true,"showFlares":true,"showImageEffects":true,"showParticleSystems":true,"showVisualEffectGraphs":true,"m_FxEnabled":true},"in2DMode":false,"pivot":{"x":24.488616943359376,"y":13.845645904541016,"z":0.8677501678466797},"rotation":{"x":-0.12379593402147293,"y":-0.6391661763191223,"z":0.10391684621572495,"w":-0.7521364688873291},"size":43.230594635009769,"orthographic":false}