{"cameraMode":{"drawMode":0,"name":"Shaded","section":"Shading Mode"},"sceneLighting":true,"audioPlay":false,"sceneViewState":{"m_AlwaysRefresh":false,"showFog":true,"showSkybox":true,"showFlares":true,"showImageEffects":true,"showParticleSystems":true,"showVisualEffectGraphs":true,"m_FxEnabled":true},"in2DMode":false,"pivot":{"x":92.36378479003906,"y":25.755155563354493,"z":91.74175262451172},"rotation":{"x":-0.014658654108643532,"y":-0.3075414001941681,"z":0.004430488683283329,"w":-0.9515581130981445},"size":60.721622467041019,"orthographic":false}