{"cameraMode":{"drawMode":0,"name":"Shaded","section":"Shading Mode"},"sceneLighting":true,"audioPlay":false,"sceneViewState":{"m_AlwaysRefresh":false,"showFog":true,"showSkybox":true,"showFlares":true,"showImageEffects":true,"showParticleSystems":true,"showVisualEffectGraphs":true,"m_FxEnabled":true},"in2DMode":false,"pivot":{"x":-13.625207901000977,"y":-2.705124855041504,"z":26.338260650634767},"rotation":{"x":0.048951029777526858,"y":0.9369674921035767,"z":-0.1462259292602539,"w":0.31374770402908327},"size":14.55842399597168,"orthographic":false}