{"cameraMode":{"drawMode":0,"name":"Shaded","section":"Shading Mode"},"sceneLighting":true,"audioPlay":false,"sceneViewState":{"m_AlwaysRefresh":false,"showFog":true,"showSkybox":true,"showFlares":true,"showImageEffects":true,"showParticleSystems":true,"showVisualEffectGraphs":true,"m_FxEnabled":true},"in2DMode":false,"pivot":{"x":-15.324312210083008,"y":10.076519966125489,"z":6.001728534698486},"rotation":{"x":0.03420328348875046,"y":-0.6097089052200317,"z":-0.026351939886808397,"w":-0.7914616465568543},"size":16.839046478271486,"orthographic":false}