{"cameraMode":{"drawMode":0,"name":"Shaded","section":"Shading Mode"},"sceneLighting":true,"audioPlay":false,"sceneViewState":{"m_AlwaysRefresh":false,"showFog":true,"showSkybox":true,"showFlares":true,"showImageEffects":true,"showParticleSystems":true,"showVisualEffectGraphs":true,"m_FxEnabled":true},"in2DMode":false,"pivot":{"x":-0.7939361929893494,"y":-1.7425308227539063,"z":-0.9398040771484375},"rotation":{"x":-0.13332149386405946,"y":0.036261316388845447,"z":-0.0048813596367836,"w":-0.9903976321220398},"size":8.352591514587403,"orthographic":false}