{"cameraMode":{"drawMode":0,"name":"Shaded","section":"Shading Mode"},"sceneLighting":false,"audioPlay":false,"sceneViewState":{"m_AlwaysRefresh":false,"showFog":true,"showSkybox":false,"showFlares":true,"showImageEffects":true,"showParticleSystems":true,"showVisualEffectGraphs":true,"m_FxEnabled":true},"in2DMode":false,"pivot":{"x":-0.7188246846199036,"y":-0.3862724304199219,"z":0.410284161567688},"rotation":{"x":0.4410509467124939,"y":-0.06038495898246765,"z":0.030186664313077928,"w":0.8951951265335083},"size":1.3902544975280762,"orthographic":false}