{"cameraMode":{"drawMode":0,"name":"Shaded","section":"Shading Mode"},"sceneLighting":false,"audioPlay":false,"sceneViewState":{"m_AlwaysRefresh":false,"showFog":true,"showSkybox":false,"showFlares":true,"showImageEffects":true,"showParticleSystems":true,"showVisualEffectGraphs":true,"m_FxEnabled":true},"in2DMode":false,"pivot":{"x":-1.7243847846984864,"y":-0.05548885464668274,"z":0.6159229278564453},"rotation":{"x":-0.009248246438801289,"y":-0.9886781573295593,"z":0.06411352008581162,"w":-0.1370333731174469},"size":1.6902544498443604,"orthographic":false}