{"cameraMode":{"drawMode":0,"name":"Shaded","section":"Shading Mode"},"sceneLighting":false,"audioPlay":false,"sceneViewState":{"m_AlwaysRefresh":false,"showFog":true,"showSkybox":false,"showFlares":true,"showImageEffects":true,"showParticleSystems":true,"showVisualEffectGraphs":true,"m_FxEnabled":true},"in2DMode":false,"pivot":{"x":-19.399999618530275,"y":0.19971144199371339,"z":60.47808837890625},"rotation":{"x":0.18339912593364716,"y":0.6957896947860718,"z":-0.19016827642917634,"w":0.6682311296463013},"size":2.2807533740997316,"orthographic":false}